{"cameraMode":{"drawMode":0,"name":"Shaded","section":"Shading Mode"},"sceneLighting":false,"audioPlay":false,"sceneViewState":{"m_AlwaysRefresh":false,"showFog":false,"showSkybox":false,"showFlares":false,"showImageEffects":false,"showParticleSystems":false,"showVisualEffectGraphs":true,"m_FxEnabled":true},"in2DMode":false,"pivot":{"x":-0.7311248779296875,"y":1.0431758165359498,"z":-0.051673825830221179},"rotation":{"x":0.08119504898786545,"y":-0.8932753801345825,"z":0.1795046478509903,"w":0.4040581285953522},"size":1.2486648559570313,"orthographic":false}