{"cameraMode":{"drawMode":0,"name":"Shaded","section":"Shading Mode"},"sceneLighting":false,"audioPlay":false,"sceneViewState":{"m_AlwaysRefresh":false,"showFog":false,"showSkybox":false,"showFlares":false,"showImageEffects":false,"showParticleSystems":false,"showVisualEffectGraphs":true,"m_FxEnabled":true},"in2DMode":false,"pivot":{"x":-0.13702979683876038,"y":1.3003389835357667,"z":-0.6778981685638428},"rotation":{"x":-0.00495493970811367,"y":-0.9738271832466126,"z":0.22627907991409303,"w":-0.02132255770266056},"size":1.2486648559570313,"orthographic":false}