{"cameraMode":{"drawMode":0,"name":"Shaded","section":"Shading Mode"},"sceneLighting":false,"audioPlay":false,"sceneViewState":{"m_AlwaysRefresh":false,"showFog":true,"showSkybox":true,"showFlares":true,"showImageEffects":true,"showParticleSystems":true,"showVisualEffectGraphs":true,"m_FxEnabled":true},"in2DMode":false,"pivot":{"x":-0.7013461589813232,"y":0.6828151941299439,"z":-0.27412858605384829},"rotation":{"x":-0.18498791754245759,"y":-0.7660809755325317,"z":0.25242993235588076,"w":-0.5613740086555481},"size":1.4173561334609986,"orthographic":false}